mnet_name,patch_size,pretraining_epochs,n_samples,theta_val,sigmaRui_sq,wssb_Lung_test_loss,wssb_Lung_test_loss_mse,wssb_Lung_test_loss_kl,wssb_Lung_test_mse_rec,wssb_Lung_test_psnr_rec,wssb_Lung_test_ssim_rec,wssb_Lung_test_mse_gt,wssb_Lung_test_mse_gt_h,wssb_Lung_test_mse_gt_e,wssb_Lung_test_psnr_gt,wssb_Lung_test_psnr_gt_h,wssb_Lung_test_psnr_gt_e,wssb_Lung_test_ssim_gt,wssb_Lung_test_ssim_gt_h,wssb_Lung_test_ssim_gt_e,wssb_Breast_test_loss,wssb_Breast_test_loss_mse,wssb_Breast_test_loss_kl,wssb_Breast_test_mse_rec,wssb_Breast_test_psnr_rec,wssb_Breast_test_ssim_rec,wssb_Breast_test_mse_gt,wssb_Breast_test_mse_gt_h,wssb_Breast_test_mse_gt_e,wssb_Breast_test_psnr_gt,wssb_Breast_test_psnr_gt_h,wssb_Breast_test_psnr_gt_e,wssb_Breast_test_ssim_gt,wssb_Breast_test_ssim_gt_h,wssb_Breast_test_ssim_gt_e,wssb_Colon_test_loss,wssb_Colon_test_loss_mse,wssb_Colon_test_loss_kl,wssb_Colon_test_mse_rec,wssb_Colon_test_psnr_rec,wssb_Colon_test_ssim_rec,wssb_Colon_test_mse_gt,wssb_Colon_test_mse_gt_h,wssb_Colon_test_mse_gt_e,wssb_Colon_test_psnr_gt,wssb_Colon_test_psnr_gt_h,wssb_Colon_test_psnr_gt_e,wssb_Colon_test_ssim_gt,wssb_Colon_test_ssim_gt_h,wssb_Colon_test_ssim_gt_e
mobilenetv3s,224,0,60000,0.5,0.05,393.1112365722656,785.2476348876953,0.9748581796884537,8.30746976134833e-05,30.23568296432495,0.9789982736110687,0.041973856277763844,0.06494418065994978,0.019003533525392413,25.342776775360107,26.82494354248047,23.86060905456543,0.8585121929645538,0.9518902748823166,0.7651340812444687,931.3392283121744,1859.8841756184895,2.7942497730255127,0.00020245858953179172,27.877872149149578,0.9673146406809489,0.1310528814792633,0.16634848341345787,0.09575727644066016,22.347615877787273,24.23759587605794,20.457635561625164,0.8596144417921702,0.9386022786299387,0.7806266049544016,46.290088517325266,91.750734601702,0.8294423563139779,0.00010611093395190048,29.7073917388916,0.9799170877252307,0.07189865144235748,0.10979073148752962,0.03400656960106322,21.422567503792898,23.335153034755162,19.509981291634695,0.780472069978714,0.9320463069847652,0.628897813814027
mobilenetv3s,224,0,60000,0.1,0.05,660.5165672302246,733.3752670288086,4.7883806228637695,5.726955214413465e-05,32.1810941696167,0.9818872660398483,0.03997668530791998,0.059692053124308586,0.020261316327378154,25.100727081298828,26.187880992889404,24.01357364654541,0.9176224917173386,0.9457255303859711,0.8895194679498672,1575.4120483398438,1749.4744059244792,8.851015965143839,0.00015665362176756995,28.49610710144043,0.9673592547575632,0.12711486096183458,0.1517449033757051,0.1024848148226738,21.546494166056316,22.83740774790446,20.25558090209961,0.8643517593542734,0.9248466988404592,0.8038568099339803,168.07398986816406,186.145291192191,5.432360632078988,0.00021659028919072756,27.6913697378976,0.9856590926647186,0.06911471406263965,0.101868761703372,0.036360666155815125,20.23220716203962,21.78338132585798,18.68103347505842,0.8247689221586499,0.9264441132545471,0.723093752350126
mobilenetv3s,224,0,60000,0.7,0.2,953.8425598144531,3161.9481811523438,7.511500954627991,0.00038355233846232295,22.978540420532227,0.9266819357872009,0.04920823406428099,0.07546921633183956,0.022947253892198205,16.839393615722656,16.59325361251831,17.085535049438477,0.45130419731140137,0.60480035841465,0.29780803993344307,2402.7572224934897,7993.6455078125,6.662071704864502,0.0012667737804198016,18.463926315307617,0.8991078237692515,0.15924779077370962,0.1798493191599846,0.13864626114567122,11.302161057790121,11.773088614145914,10.831233660380045,0.2169404923915863,0.366474986076355,0.06740600064707299,70.63108342034477,219.1856016431536,6.96485836165292,0.0004577722959636178,23.249688420976913,0.9406764081546238,0.0819906648248434,0.12304581329226494,0.04093551303126982,14.026093755449567,13.712558610098702,14.339628968920026,0.3844486176967621,0.5775117490972791,0.19138548775975192
mobilenetv3s,224,0,60000,0.5,0.2,389.9029960632324,771.5605926513672,8.245393633842468,0.0001311507057835115,28.073837757110596,0.9551170468330383,0.04970669001340866,0.07645975053310394,0.02295362832956016,16.258164405822754,16.36596179008484,16.15036702156067,0.36763815581798553,0.5097090527415276,0.2255672663450241,3444.9475911458335,6880.093831380208,9.801379839579264,0.0008704019128344953,19.93997065226237,0.9382992386817932,0.1605501795808474,0.18378924826780954,0.13731111213564873,11.0669584274292,11.324444452921549,10.809472560882568,0.13260949775576591,0.2504197483261426,0.014799242373555899,26.619915212903702,45.81384869984218,7.425981419427054,0.0001471196462391942,28.484533037458146,0.9685793008123126,0.08232828469148704,0.12428697172020163,0.04036959899323327,13.642052377973284,13.439989703042167,13.844115121023995,0.3356866165995598,0.5188220718077251,0.1525511483196169
mobilenetv3s,224,0,60000,0.2,0.2,952.5894470214844,1189.2563934326172,5.921613335609436,9.722772665554658e-05,29.760582447052002,0.980495885014534,0.04632485564798117,0.07615907303988934,0.016490641050040722,18.046114444732666,18.126519203186035,17.965709447860718,0.5863940119743347,0.7767849266529083,0.3960031270980835,1325.161641438802,1654.8789571126301,6.292435487111409,0.00014987967006163672,30.785553614298504,0.9663865069548289,0.14126046746969223,0.19938689221938452,0.08313404706617196,13.225709756215414,12.770820458730062,13.680598894755045,0.5579632023970286,0.5961779405673345,0.5197484890619913,96.73321138109479,119.87894902910504,4.150261470249721,0.00013132658308937347,29.756186076572963,0.9781499419893537,0.07916298668299403,0.12979043727474554,0.028535537754318545,14.873409952436175,14.05023969922747,15.696580069405693,0.5550967305898666,0.7337841689586639,0.3764092999377421
mobilenetv3s,224,0,60000,0.7,1.0,238.16370391845703,734.4038238525391,25.489343643188477,0.00011489502321637701,29.00304079055786,0.9597199261188507,0.0428603682667017,0.060296712443232536,0.025424022693187,16.771650791168213,19.186138153076172,14.357164144515991,0.775675967335701,0.8616646826267242,0.6896872520446777,729.1024373372396,2374.086140950521,24.10939343770345,0.00023992319256649353,27.630425453186035,0.9566174745559692,0.14206730077664056,0.14299766346812248,0.14113693684339523,9.677391846974691,11.918092250823975,7.436691761016846,0.45357609788576764,0.5597752034664154,0.3473769972721736,60.537437438964844,140.59702382768904,26.226184844970703,0.00011250390057934314,29.95952524457659,0.97236567735672,0.0714855029114655,0.09634122758039407,0.04662977771035263,11.256918123790197,16.866006442478724,5.647830041391509,0.6424266525677272,0.8154355330126626,0.4694177636078426
mobilenetv3s,224,0,60000,0.5,1.0,811.2245254516602,1613.3796081542969,9.06943416595459,0.0002869233467208687,24.338727474212646,0.9215139746665955,0.04952729307115078,0.07725149393081665,0.021803095238283277,16.523245811462402,16.093984127044678,16.95250701904297,0.37894877046346664,0.49320072680711746,0.2646968215703964,3085.2958170572915,6162.377522786458,8.214268763860067,0.0011540970881469548,19.28359254201253,0.9101105630397797,0.15805052344997725,0.19002405305703482,0.12607698515057564,11.272952874501547,10.954670588175455,11.591235001881918,0.23225974788268408,0.3523706297079722,0.11214885961574812,59.91685390472412,110.51601300920758,9.317692756652832,0.0003764542062916527,23.57060091836112,0.9317213594913483,0.08252246864140034,0.12603725918701716,0.03900767849492175,13.63151775087629,13.112937722887311,14.150098187582833,0.35461184701749254,0.5024494166885104,0.2067742750846914
mobilenetv3s,224,0,60000,0.2,1.0,467.8356018066406,578.0422515869141,27.008936405181885,5.2531342134898296e-05,31.9337215423584,0.9778780937194824,0.04096507839858532,0.05677877180278301,0.02515138639137149,17.165024757385254,18.549612283706665,15.780437707901001,0.8280797004699707,0.8990330994129181,0.7571263015270233,1212.5334777832031,1508.9167226155598,27.000482241312664,0.00011350786189723294,31.24109999338786,0.974878321091334,0.13779410223166147,0.13842670743664107,0.1371614933013916,10.115114053090414,12.057010968526205,8.173217376073202,0.5418039262294769,0.6188425819079081,0.4647652606169383,204.51467377798897,248.76125267573767,27.528336116245814,0.00032153631010649927,25.959260395595006,0.9792551142828805,0.06954844003277165,0.09340361558965274,0.04569326633853572,11.019148928778511,15.838862146650042,6.199435540607998,0.6974665522575378,0.8399067904267993,0.5550263204744884
resnet18ft,224,0,60000,0.7,0.2,1031.1591186523438,3424.37060546875,5.496983289718628,0.00010159082921745721,29.89445400238037,0.9576404988765717,0.04819382727146149,0.08036083169281483,0.01602682052180171,16.49985647201538,15.404548406600952,17.595165014266968,0.4974330738186836,0.6089873164892197,0.3858788311481476,1864.3878885904949,6205.278157552083,4.006318807601929,0.0004295758893325304,24.60547383626302,0.9531185925006866,0.1466792350014051,0.2126284216841062,0.0807300495604674,11.45391289393107,10.016742706298828,12.891083558400473,0.4416005164384842,0.3869761178890864,0.49622491002082825,40.138456208365305,126.70227868216378,3.03967331136976,0.00011889819143107161,30.282301902770996,0.9721048516886575,0.08235402990664754,0.1371396274438926,0.02756843190374119,12.344997337886266,9.556490727833339,15.133504254477364,0.46951971309525625,0.578166418841907,0.36087301187217236
mobilenetv3s,224,0,60000,0.7,0.05,322.8646774291992,1075.4981536865234,0.30746239400468767,0.0001142582932516234,28.468730449676514,0.9647772312164307,0.04301225580275059,0.06765028089284897,0.018374230712652206,24.197006702423096,24.72889518737793,23.66511869430542,0.8306107372045517,0.9373239129781723,0.7238976061344147,1292.2332560221355,4302.114827473958,2.2839219172795615,0.0002630935632623732,28.218557993570965,0.9629329144954681,0.13338731105128923,0.17288356026013693,0.09389105625450611,20.699920654296875,21.465368906656902,19.93447271982829,0.8439808388551077,0.9184660017490387,0.7694956759611765,33.09202292987278,109.00513907841274,0.5578282283885139,0.00015855102693811723,28.46026870182582,0.9732301703521183,0.07362057987068381,0.11438745579549245,0.032853705675474236,20.37718609401158,20.99995490482875,19.754417283194407,0.7580318195479256,0.9160664209297725,0.5999972224235535
mobilenetv3s,224,0,60000,0.2,0.05,455.18138122558594,567.9670867919922,4.038530707359314,5.283470636641141e-05,32.41619873046875,0.9808081835508347,0.04029647819697857,0.0606886213645339,0.019904335495084524,25.747512817382812,27.075817584991455,24.419208526611328,0.9132644832134247,0.9524475634098053,0.8740813881158829,831.7078653971354,1038.2800191243489,5.419094284375508,9.979688851065778e-05,30.638659795125324,0.9725414216518402,0.1276063323020935,0.1551090950767199,0.10010357139011224,23.413982391357422,25.628121693929035,21.19984308878581,0.8796747426191965,0.9444149136543274,0.8149345715840658,74.81711639676776,92.46042701176235,4.243871450424194,0.00010499973528307496,30.820829255240305,0.9838240614959172,0.0692623917545591,0.1026574724486896,0.03586731165913599,21.265623228890554,23.406647409711564,19.12459897994995,0.8236429819038936,0.9349295284066882,0.7123564375298364
mobilenetv3s,224,0,60000,0.7,0.1,421.44202423095703,1403.6034240722656,0.5156697109341621,0.00010774280963232741,29.294883251190186,0.9738619327545166,0.042279599234461784,0.06526548229157925,0.01929371478036046,25.33920907974243,26.61561918258667,24.062798023223877,0.8566854596138,0.9486814439296722,0.764689490199089,570.0188140869141,1886.2230936686199,5.931249062220256,0.00022841150348540395,28.366456985473633,0.9607282678286234,0.13246659189462662,0.16563215727607408,0.09930102775494258,22.842572530110676,24.504723866780598,21.18042055765788,0.8679937422275543,0.9315739671389262,0.8044135173161825,72.57588413783482,240.57332011631556,0.5769786962441036,0.00020368825945687213,28.193871770586288,0.9803141908986228,0.07222447225025722,0.10968184817050185,0.034767095265643935,21.175691195896693,22.73694624219622,19.614436558314733,0.7785304359027317,0.9275164093290057,0.6295444646051952
mobilenetv3s,224,0,60000,0.5,0.1,496.86623764038086,986.1502838134766,7.582192659378052,0.00014713016571477056,27.78179168701172,0.9591267704963684,0.04932847525924444,0.0758772250264883,0.022779727121815085,16.514465808868408,16.53225326538086,16.496678590774536,0.47128916531801224,0.6305137872695923,0.312064565718174,3606.4818115234375,7205.687093098958,7.276463031768799,0.00107075713458471,19.228779157002766,0.919240395228068,0.15890410542488098,0.18331086511413255,0.13449734697739282,11.189807732899984,11.385951519012451,10.993664264678955,0.20764260614911714,0.33230237166086835,0.08298284156868856,51.576900482177734,95.87008326394218,7.283717598233904,0.00020082049429350133,27.54590266091483,0.9584460173334394,0.0825354244027819,0.12571264590535844,0.03935819970709937,13.862934180668422,13.244546140943255,14.48132222039359,0.4062733884368624,0.5838155576160976,0.22873121393578394
mobilenetv3s,224,0,60000,0.2,0.1,579.0531921386719,722.4553756713867,5.4443676471710205,6.511105584650068e-05,31.777968883514404,0.9771993160247803,0.0484368484467268,0.08173398301005363,0.015139712486416101,15.71374797821045,15.471029043197632,15.956467866897583,0.44317518919706345,0.5319044813513756,0.3544458821415901,1214.4259948730469,1516.4337768554688,6.394821564356486,0.00010944879310651838,30.904611269632976,0.9729155500729879,0.14613037804762521,0.2175113558769226,0.07474940146009128,10.705334981282553,10.066654364267984,11.344015757242838,0.4152193566163381,0.3441445430119832,0.48629418512185413,57.45164149148123,70.5827876499721,4.927059037344796,8.069668261409138e-05,31.57618863242013,0.983716573034014,0.08303535756255899,0.14017566346696445,0.02589505092640008,11.399182728358678,8.894374336515154,13.903991154261998,0.4391315366540636,0.5238531955650875,0.3544098772108555
mobilenetv3s,224,0,60000,0.7,0.005,158.41589736938477,521.205249786377,2.9347376227378845,4.9768704684538534e-05,31.753170490264893,0.9713606983423233,0.04168290738016367,0.06536111887544394,0.018004695186391473,24.862837314605713,26.38123846054077,23.344436168670654,0.8372354954481125,0.949823871254921,0.7246470898389816,358.50586700439453,1184.319559733073,4.585694273312886,9.728041550260969e-05,30.774280230204266,0.9663034081459045,0.1314480093618234,0.16803406924009323,0.09486195010443528,20.914579391479492,22.67520236968994,19.153955777486164,0.8088350395361582,0.9067864517370859,0.710883637269338,19.24762007168361,57.60224648884365,2.8099227292197093,4.314899095853824e-05,32.9731205531529,0.9791296167033059,0.07200329617730208,0.11183113445128713,0.03217545810288617,20.994362013680593,22.37496021815709,19.61376408168248,0.7608488585267749,0.9262154272624424,0.5954822812761579
mobilenetv3s,224,0,60000,0.5,0.005,229.78737258911133,453.94322967529297,5.631520390510559,5.044281215305091e-05,31.995040893554688,0.9737177938222885,0.04169176612049341,0.06533884536474943,0.018044685712084174,25.11552095413208,26.444430351257324,23.78661060333252,0.8477601706981659,0.9520472437143326,0.7434731125831604,679.5887145996094,1355.5674947102864,3.6099401315053306,0.00015541710672550835,28.345261255900066,0.9610228439172109,0.1317866084476312,0.16827228044470152,0.09530093210438888,21.040736198425293,22.819316864013672,19.262154897054035,0.8163851996262869,0.9100449681282043,0.7227254211902618,47.34917150224958,89.94017675944737,4.75816673891885,0.00011296671982563566,30.358581134251185,0.9838175773620605,0.07213906358395304,0.11183692142367363,0.03244120514552508,20.914149011884415,22.196828297206334,19.631470135280065,0.766891360282898,0.9297901604856763,0.6039925600801196
mobilenetv3s,224,0,60000,0.2,0.005,1213.085060119629,1513.5056610107422,11.402576565742493,0.00013281738483783556,27.859364986419678,0.9766429364681244,0.041682212613523006,0.06499611772596836,0.018368307035416365,24.87911891937256,27.454111576080322,22.304125785827637,0.8354882299900055,0.9600311666727066,0.7109453082084656,2968.908894856771,3708.2222493489585,11.655388514200846,0.0003356306200051525,25.12616729736328,0.9631741444269816,0.13095440963904062,0.16844737778107324,0.09346144211788972,20.48603280385335,23.033706029256184,17.938358942667644,0.81045201420784,0.9190134406089783,0.7018905878067017,70.19876820700509,86.19889068603516,6.198266267776489,0.00011327223832527775,28.735119002205984,0.9832175033433097,0.07171787294958319,0.11118884730551924,0.03224689719666328,20.90510586329869,22.862631934029714,18.94757992880685,0.7587330596787589,0.9318926121507373,0.5855735135929925
mobilenetv3s,224,0,60000,0.7,0.01,369.68199157714844,1227.4511413574219,2.066602438688278,7.394364001811482e-05,31.033458709716797,0.9856738895177841,0.04218007065355778,0.0662458622828126,0.01811427716165781,24.573688507080078,25.74324083328247,23.404136180877686,0.8290360867977142,0.9538096785545349,0.7042624801397324,1235.436070760091,4108.384175618489,4.172513405481975,0.00030484236534296844,27.950790087382,0.9617248177528381,0.13233193258444467,0.17105297123392424,0.09361089703937371,20.468702634175617,21.958884557088215,18.978520393371582,0.8198465506235758,0.9154056906700134,0.7242874205112457,18.26242334502084,56.3222564969744,1.951065148626055,6.908642223736803e-05,31.967350959777832,0.9807122094290597,0.07264351073120322,0.11299291492572852,0.032294106403631825,20.73219367436,21.7338444846017,19.730543000357493,0.7571421648774829,0.924410662480763,0.58987366940294
mobilenetv3s,224,0,60000,0.5,0.01,214.54304885864258,425.82472229003906,3.261365443468094,5.174105353944469e-05,31.84765625,0.9704487770795822,0.04186007473617792,0.06566198449581861,0.01805816451087594,24.714656829833984,25.880967140197754,23.548346042633057,0.8311076760292053,0.9410021156072617,0.721213236451149,1364.510986328125,2724.316864013672,4.705041488011678,0.00025948683348057483,26.84635575612386,0.958968847990036,0.1322219893336296,0.17029143373171488,0.09415254617730777,20.41427485148112,21.807586352030437,19.020963033040363,0.8084782163302103,0.8965953886508942,0.720361053943634,61.32068361554827,120.65271105085101,1.9886570147105627,0.00010703432287430457,29.893249920436315,0.9826658197811672,0.07223077198224408,0.11203209816345147,0.032429444803191085,20.716816220964706,22.179451942443848,19.25417981828962,0.755877571446555,0.9251489596707481,0.5866061704499381
mobilenetv3s,224,0,60000,0.2,0.01,500.2985305786133,624.0431289672852,5.320014953613281,5.5290900945692556e-05,32.12879514694214,0.9772683531045914,0.041735404171049595,0.06533531565219164,0.01813549199141562,24.722443103790283,26.075766563415527,23.369118690490723,0.8359154611825943,0.9466583579778671,0.7251725792884827,1213.4939575195312,1515.4381917317708,5.717031478881836,9.64542535560516e-05,30.84728717803955,0.9698622326056162,0.13033854713042578,0.16825978085398674,0.09241731402774651,20.924707730611164,22.473976135253906,19.375439325968426,0.8345777094364166,0.9210006594657898,0.7481547296047211,103.92245483398438,128.6873653956822,4.862787399973188,0.0001351859523960489,29.55439008985247,0.983380104814257,0.07169331663421222,0.11095254921487399,0.032434083853981326,20.769337109157018,22.19266673496791,19.34600693838937,0.7619609449590955,0.9291416236332485,0.5947802513837814
mobilenetv3s,224,0,60000,1.0,0.05,0.21383118629455566,22393.9794921875,0.21383118629455566,0.0016547939740121365,16.743764877319336,0.285232774913311,0.04820676147937775,0.07136671151965857,0.02504680771380663,11.122320890426636,9.695197582244873,12.54944396018982,0.5022930279374123,0.3106273338198662,0.6939586997032166,0.1199963881323735,57918.453125,0.1199963881323735,0.005727271316573024,13.011285305023193,0.26390310873587924,0.1604741389552752,0.18843127662936845,0.13251700003941855,6.847177743911743,7.593877633412679,6.100477854410808,0.3019416307409604,0.2331298142671585,0.3707534571488698,0.07431018405726977,2068.388741629464,0.07431018405726977,0.0029321885418279897,15.263043744223458,0.23036882281303406,0.08304967411926814,0.12208579906395503,0.044013549972857745,7.563505036490304,8.007215329578944,7.11979477746146,0.38327453817640034,0.2619708382657596,0.504578241280147
mobilenetv3s,224,0,60000,0.9,0.05,60.05738639831543,598.0536956787109,0.28001855686306953,0.00013248646246211138,27.79951047897339,0.9678104072809219,0.04344211332499981,0.06862699054181576,0.018257236573845148,23.471237659454346,24.057522773742676,22.884952068328857,0.8160090148448944,0.9363888651132584,0.6956291347742081,323.0843785603841,3227.0220743815103,0.4246109575033188,0.0004557049930250893,23.602977116902668,0.9507958690325419,0.13659718756874403,0.17778262992699942,0.09541174521048863,18.893474578857422,19.283915837605793,18.503033955891926,0.7877160906791687,0.8816411097844442,0.6937910815080007,8.770537512642997,85.36116293498448,0.26046780816146303,0.00020444847957280996,26.79451138632638,0.9756011409418923,0.07475524315876621,0.11695922139499869,0.03255126405773418,19.569480623517716,20.00364739554269,19.135313987731934,0.7424406238964626,0.9107533523014614,0.5741278997489384
mobilenetv3s,224,0,60000,0.8,0.05,149.23369598388672,743.1476440429688,0.755204901099205,0.0001118733998737298,28.880791187286377,0.9753512144088745,0.04316267650574446,0.0681145191192627,0.018210832262411714,23.888125896453857,24.469400882720947,23.306851387023926,0.8256387710571289,0.9427455067634583,0.7085320204496384,291.37400309244794,1444.12841796875,3.185388167699178,0.00028519905754365027,26.91576925913493,0.9636382162570953,0.13475855936606726,0.17589348554611206,0.09362363629043102,19.56017271677653,20.05913194020589,19.06121317545573,0.8144805332024893,0.9025735855102539,0.7263874610265096,30.468948125839233,150.5862192426409,0.4396299219557217,0.0002098296094378124,27.78795119694301,0.9790781736373901,0.07413536523069654,0.11567521441195693,0.032595516581620486,19.849687303815568,20.391068867274694,19.308306285313197,0.7513703448431832,0.9184310478823525,0.5843096503189632
mobilenetv3s,224,0,60000,0.6,0.05,579.3421630859375,1439.3814239501953,5.982638597488403,0.00015402306053147186,28.21628427505493,0.9667357355356216,0.047979896888136864,0.0709049990400672,0.02505479473620653,16.78810214996338,17.283342361450195,16.292861461639404,0.5301162824034691,0.6925385296344757,0.36769402772188187,2905.2096964518228,7257.815673828125,3.472277879714966,0.0006863670375120515,22.33915901184082,0.9267601569493612,0.15962961688637733,0.16684628029664358,0.15241295595963797,10.618243535359701,10.70089324315389,10.53559414545695,0.26374583691358566,0.35738664368788403,0.17010502889752388,32.01970100402832,73.21248953683036,4.55784090927669,0.00015478937712032348,28.2281368800572,0.953762446131025,0.07981792624507632,0.11527075857988425,0.04436509284589972,14.183347838265556,14.75625126702445,13.610444273267474,0.41373814535992487,0.6190684139728546,0.20840788476302155
mobilenetv3s,224,0,60000,0.4,0.05,1890.180419921875,3144.5780639648438,8.583756804466248,0.00026193797020823695,24.657118320465088,0.9535504728555679,0.04620129335671663,0.0665404787287116,0.025862107751891017,16.505146741867065,16.653197526931763,16.357095956802368,0.6149268746376038,0.7241228669881821,0.5057308748364449,2539.9521280924478,4227.0172119140625,9.35420815149943,0.0005714793708951523,22.74255657196045,0.9300528764724731,0.15306041886409125,0.15839360281825066,0.14772723615169525,10.53597323099772,11.11863660812378,9.953309853871664,0.3255057732264201,0.42472878098487854,0.2262827754020691,143.56666837419783,234.2906938280378,7.48061111995152,0.0001893554560540776,26.777878625052317,0.9452885815075466,0.0759804719792945,0.10525372730834144,0.046707218778984885,13.344989912850517,14.773320606776647,11.916659082685198,0.4801579862833023,0.6700796825545174,0.2902362854885204
mobilenetv3s,224,0,60000,0.3,0.05,464.6635398864746,662.3434906005859,3.4103648513555527,6.684914478682913e-05,31.15236759185791,0.9754455238580704,0.04096825234591961,0.06247140094637871,0.019465102581307292,26.042221069335938,27.714497566223145,24.369945526123047,0.8936498016119003,0.9552671313285828,0.8320324569940567,772.9918797810873,1102.3385721842449,4.516321142514546,0.0001192560472797292,30.381153106689453,0.9716208279132843,0.12878025695681572,0.15852884451548258,0.09903167188167572,23.14435386657715,24.98291079203288,21.305796941121418,0.870169073343277,0.9344041347503662,0.8059340020020803,152.68103926522392,217.16161714281355,2.2263638206890652,0.00020067826803174933,28.7001953125,0.9815779754093715,0.07049694178359849,0.10590377050851073,0.03509011498785445,21.30207279750279,23.24355752127511,19.36058793749128,0.8042790293693542,0.9343297524111611,0.6742283041988101
mobilenetv3s,224,0,60000,0.1,0.05,637.1173858642578,702.8823165893555,45.23322868347168,5.9231855630059727e-05,31.36861753463745,0.9791876077651978,0.04050528537482023,0.060383133590221405,0.02062743785791099,23.061728477478027,23.352722644805908,22.770734310150146,0.8535957783460617,0.9378323704004288,0.7693591862916946,2331.7599487304688,2584.4068806966147,57.93813705444336,0.00021604376403653683,29.404959042867024,0.9728312194347382,0.12931809077660242,0.15260671700040498,0.10602946331103642,17.94903628031413,18.32142988840739,17.57664203643799,0.8012121816476186,0.864165594180425,0.7382587393124899,235.87379319327218,256.84912654331754,47.09580748421805,0.000343686666123436,25.6819943019322,0.9802625221865517,0.06959200597235135,0.10184531126703535,0.03733870227422033,18.389256613595144,19.990306445530482,16.78820664542062,0.7595618963241577,0.9100918429238456,0.6090319518532071
mobilenetv3s,224,0,60000,0.0,0.05,1554.3476867675781,1554.3476867675781,2.185358911752701,0.0001694743477855809,27.38769006729126,0.9641164988279343,0.04665961489081383,0.07578923553228378,0.017529995180666447,18.647253036499023,18.180979251861572,19.113526344299316,0.6373021304607391,0.7912168800830841,0.48338739573955536,6222.3982340494795,6222.3982340494795,1.6171143651008606,0.00078611842279012,21.01860173543294,0.9263218442598978,0.14413841689626375,0.19728748003641763,0.0909893549978733,14.155615647633871,13.153690814971924,15.157540480295816,0.5726091414690018,0.6444095472494761,0.5008087356885275,206.9111452102661,206.9111452102661,2.401582820074899,0.00027737194510076994,25.452919006347656,0.9553978017398289,0.08002255218369621,0.12986192373292788,0.030183181366217986,15.207988466535296,13.90076916558402,16.515207767486572,0.5831121504306793,0.7245566291468484,0.4416676674570356
resnet18ft,224,0,60000,1.0,0.05,4.067752957344055,467675.4765625,4.067752957344055,0.024505971930921078,-0.4134092554450035,0.32759442180395126,0.07324960175901651,0.10572827234864235,0.04077093070372939,-inf,-inf,-inf,0.5397691875696182,0.318830169737339,0.760708212852478,2.0732751886049905,659190.6145833334,2.0732751886049905,0.0440469974031051,-1.8156679670015972,0.24319235732158026,0.20953364421923956,0.25272776434818905,0.1663395216067632,-inf,-inf,-inf,0.3184892386198044,0.2411755844950676,0.39580288529396057,0.7615878911955016,29694.453683035714,0.7615878911955016,0.030569313892296383,-0.962269548858915,0.23293948386396682,0.11706521681376866,0.17166213797671454,0.06246829591691494,-inf,-inf,-inf,0.428198190672057,0.3158616977078574,0.5405346921512059
resnet18ft,224,0,60000,0.9,0.05,109.75020503997803,1082.3543243408203,1.683076649904251,0.0001444187728338875,27.582276344299316,0.9597339928150177,0.04350038431584835,0.06831433717161417,0.018686430528759956,23.547605514526367,24.101431369781494,22.99377965927124,0.8081408739089966,0.9246787279844284,0.6916029900312424,395.37901560465497,3949.029012044271,0.5290090640385946,0.0008004811922243485,20.889588673909504,0.9431754450003306,0.1370657073954741,0.17784054825703302,0.09629087150096893,18.326825777689617,18.77650515238444,17.877145767211914,0.7617340584595998,0.8486527303854624,0.6748153964678446,7.146153432982309,69.65687928880963,0.20051715057343245,0.0001745359139541896,27.80135154724121,0.969009246144976,0.07476886282009738,0.11654943733343057,0.032988287774579864,19.69883128574916,19.94656263078962,19.45109966823033,0.728056115763528,0.8918209416525704,0.5642912941319602
resnet18ft,224,0,60000,0.8,0.05,180.72693824768066,900.3781890869141,0.8141254484653473,0.000124002337543061,28.349504470825195,0.9709557592868805,0.043108017183840275,0.06777818966656923,0.018437844701111317,23.902555465698242,24.463189125061035,23.341920375823975,0.8284447640180588,0.9390762150287628,0.7178133279085159,1005.2570749918619,5025.734700520833,0.13768367717663446,0.0005640286835841835,22.652974764506023,0.9566399256388346,0.13496388991673788,0.17509841670592627,0.09482936250666778,19.24597676595052,19.573932965596516,18.918021202087402,0.8008509278297424,0.8763787051041921,0.7253231505552927,15.008788977350507,73.8582763671875,0.2964169324508735,0.00014479457656437132,28.84485489981515,0.9761189435209546,0.07387047686747142,0.11485214850732259,0.03288880429629769,20.19087941305978,20.726379122052872,19.655380249023438,0.7512075475284031,0.9124816315514701,0.5899334571191243
resnet18ft,224,0,60000,0.7,0.05,408.54962158203125,1359.8585357666016,0.8457746803760529,0.00010288022895110771,29.260086059570312,0.9696161597967148,0.042693065479397774,0.06696339324116707,0.01842273725196719,24.278550148010254,25.175769805908203,23.381330490112305,0.8346774131059647,0.9418196976184845,0.7275351285934448,1651.7006225585938,5505.382405598958,0.12259876417617004,0.0006460538279497996,21.940658887227375,0.9508825143178304,0.13403910274306932,0.17451690634091696,0.09356130162874858,19.18814754486084,19.726192474365234,18.650101979573567,0.7974283496538798,0.8742311894893646,0.72062548995018,31.729635647365026,104.68804114205497,0.46174628819738117,0.00011445057992075038,29.879097938537598,0.9749158109937396,0.0732039540473904,0.11368413296129022,0.032723774135644944,20.615781784057617,21.63515649523054,19.59640625544957,0.7560692472117287,0.9155199442590986,0.5966185501643589
resnet18ft,224,0,60000,0.6,0.05,960.0844421386719,2393.8742065429688,4.224602460861206,7.589328652102267e-05,30.492891788482666,0.9698766469955444,0.05159066617488861,0.07700043730437756,0.026180898072198033,15.205485105514526,15.14219069480896,15.268779039382935,0.2689252272248268,0.29515907913446426,0.24269138649106026,2873.8617350260415,7178.89599609375,3.8387626806894937,0.0005538712114988206,23.17406177520752,0.9478172759215037,0.16969770193099976,0.1820737843712171,0.1573216145237287,10.39443333943685,10.192765394846598,10.596101760864258,0.0525761858249704,0.05562914597491423,0.04952322532578061,38.39519425800869,89.49575192587716,4.328152792794364,7.726863909088674e-05,30.97661086491176,0.9752688493047442,0.08388985214488846,0.12343631179205009,0.04434339329600334,13.094539097377233,12.630979401724678,13.558098997388567,0.25116638253842083,0.35958545974322725,0.14274731251810277
